1,3,/media/images/zsolt-001.width-800.jpg,"Aki nem jár hitlenek tanácsán"
2,4,/media/images/zsolt-002.width-800.jpg,"Miért zúgolódnak a pogányok"
3,5,/media/images/zsolt-003.width-800.jpg,"Ó mely sokan vannak"
4,6,/media/images/zsolt-004.width-800.jpg,"Én igazságomnak Istene"
5,7,/media/images/zsolt-005.width-800.jpg,"Úr Isten, az én imádságom"
6,8,/media/images/zsolt-006.width-800.jpg,"Uram, te nagy haragodban"
7,9,/media/images/zsolt-007.width-800.jpg,"Ó, én Uram és én Istenem"
8,10,/media/images/zsolt-008.width-800.jpg,"Ó, felséges Úr, mi kegyes Istenünk"
9,11,/media/images/zsolt-009.width-800.jpg,"Dicsérlek téged, Úr Isten"
10,12,/media/images/zsolt-010.width-800.jpg,"Miért távozol tőlünk, Úr Isten"
11,13,/media/images/zsolt-011.width-800.jpg,"Az Istenben bízom jó reménységgel"
12,14,/media/images/zsolt-012.width-800.jpg,"Szabadíts meg, és tarts meg, Uram Isten"
13,15,/media/images/zsolt-013.width-800.jpg,"Meddig felejtesz el, Uram"
14,16,/media/images/zsolt-014.width-800.jpg,"A bolond így szól az ő szívében"
15,17,/media/images/zsolt-015.width-800.jpg,"Uram, ki lészen lakója"
16,18,/media/images/zsolt-016.width-800.jpg,"Tarts meg engemet, ó, én Istenem"
17,19,/media/images/zsolt-017.width-800.jpg,"Hallgasd meg igazságomat"
18,20,/media/images/zsolt-018.width-800.jpg,"Ó, én Uram, ki erőt adsz énnékem"
19,21,/media/images/zsolt-019.width-800.jpg,"Az egek beszélik"
20,22,/media/images/zsolt-020.width-800.jpg,"Az Úr tégedet meghallgasson Te nagy ínségedben"
21,23,/media/images/zsolt-021.width-800.jpg,"Örvendez, Uram, a király"
22,24,/media/images/zsolt-022.width-800.jpg,"Én Istenem, én erős Istenem!"
23,25,/media/images/zsolt-023.width-800.jpg,"Az Úr énnékem őriző pásztorom"
24,26,/media/images/zsolt-024.width-800.jpg,"Az Úr bír ez egész földdel"
25,27,/media/images/zsolt-025.width-800.jpg,"Szívemet hozzád emelem"
26,28,/media/images/zsolt-026.width-800.jpg,"Légy ítélőm, Uram"
27,29,/media/images/zsolt-027.width-800.jpg,"Az Úr Isten az én világosságom"
28,30,/media/images/zsolt-028.width-800.jpg,"Hozzád kiáltok, kegyes Uram"
29,31,/media/images/zsolt-029.width-800.jpg,"Mostan, ti, hatalmasak"
30,32,/media/images/zsolt-030.width-800.jpg,"Dicsérlek, Uram, tégedet"
31,33,/media/images/zsolt-031.width-800.jpg,"Uram, én csak tebenned bíztam"
32,34,/media/images/zsolt-032.width-800.jpg,"Ó, mely boldog az oly ember éltébe’"
33,35,/media/images/zsolt-033.width-800.jpg,"Nosza, ti, istenfélő hívek"
34,36,/media/images/zsolt-034.width-800.jpg,"Mindenkoron áldom az Urat, míg engem éltet"
35,37,/media/images/zsolt-035.width-800.jpg,"Perelj, Uram, perlőimmel"
36,38,/media/images/zsolt-036.width-800.jpg,"A gonoszon gondolkodván"
37,39,/media/images/zsolt-037.width-800.jpg,"Ne bosszankodjál a gonosztévőkre"
38,40,/media/images/zsolt-038.width-800.jpg,"Haragodnak nagy voltában"
39,41,/media/images/zsolt-039.width-800.jpg,"Szívemben elvégezém, és mondám"
40,42,/media/images/zsolt-040.width-800.jpg,"Várván vártam a felséges Urat"
41,43,/media/images/zsolt-041.width-800.jpg,"Boldog, aki a szenvedőt híven Szánja ínségében"
42,44,/media/images/zsolt-042.width-800.jpg,"Mint a szép híves patakra"
43,45,/media/images/zsolt-043.width-800.jpg,"Ítélj meg engemet, Úr Isten"
44,46,/media/images/zsolt-044.width-800.jpg,"Hallottuk, Isten, füleinkkel"
45,47,/media/images/zsolt-045.width-800.jpg,"Egy szép dolgot hoz elő az én szívem"
46,48,/media/images/zsolt-046.width-800.jpg,"Az Isten a mi reménységünk"
47,49,/media/images/zsolt-047.width-800.jpg,"No, minden népek, Örvendezzetek"
48,50,/media/images/zsolt-048.width-800.jpg,"Nagy az Úr méltóságában"
49,51,/media/images/zsolt-049.width-800.jpg,"Hallgassátok meg, minden nemzetek"
50,52,/media/images/zsolt-050.width-800.jpg,"Az erős Isten, uraknak Ura"
51,53,/media/images/zsolt-051.width-800.jpg,"Úr Isten, kérlek, kegyelmezz nékem"
52,54,/media/images/zsolt-052.width-800.jpg,"Mit dicsekedel gonoszságban"
53,55,/media/images/zsolt-053.width-800.jpg,"A bolond így szól az ő szívében"
54,56,/media/images/zsolt-054.width-800.jpg,"Tarts meg, Uram, én Istenem"
55,57,/media/images/zsolt-055.width-800.jpg,"Hallgasd meg az én könyörgésem"
56,58,/media/images/zsolt-056.width-800.jpg,"Kegyelmezz meg nekem, én Istenem"
57,59,/media/images/zsolt-057.width-800.jpg,"Irgalmazz, Uram, irgalmazz nekem"
58,60,/media/images/zsolt-058.width-800.jpg,"Ti, tanácsban ülő személyek"
59,61,/media/images/zsolt-059.width-800.jpg,"Szabadíts meg engem, Úr Isten"
60,62,/media/images/zsolt-060.width-800.jpg,"Minket, Úr Isten, elhagyál"
61,63,/media/images/zsolt-061.width-800.jpg,"Kiáltásom halld meg, Isten!"
62,64,/media/images/zsolt-062.width-800.jpg,"Az én lelkem szép csendesen"
63,65,/media/images/zsolt-063.width-800.jpg,"Isten, te vagy én Istenem"
64,66,/media/images/zsolt-064.width-800.jpg,"Hallgasd meg, Uram"
65,67,/media/images/zsolt-065.width-800.jpg,"A Sionnak hegyén, Úr Isten"
66,68,/media/images/zsolt-066.width-800.jpg,"Örvendj, egész föld, az Istennek"
67,69,/media/images/zsolt-067.width-800.jpg,"Úr Isten, áldj meg jóvoltodból"
68,70,/media/images/zsolt-068.width-800.jpg,"Hogyha felindul az Isten"
69,71,/media/images/zsolt-069.width-800.jpg,"Úr Isten, tarts meg és segíts engem"
70,72,/media/images/zsolt-070.width-800.jpg,"Siess, ments meg, Uram Isten"
71,74,/media/images/zsolt-071.width-800.jpg,"Tebenned bízom, én Istenem"
72,75,/media/images/zsolt-072.width-800.jpg,"Uram, a te ítéletedet"
73,76,/media/images/zsolt-073.width-800.jpg,"Bizonyára jó az Isten"
74,77,/media/images/zsolt-074.width-800.jpg,"Miért vetsz minket így el, Úr Isten?"
75,78,/media/images/zsolt-075-var.width-800.jpg,"Dicsérünk téged, Isten"
76,80,/media/images/zsolt-076.width-800.jpg,"Ismeretes az Úr Isten"
77,82,/media/images/zsolt-077.width-800.jpg,"Az Istenhez az én szómat"
78,84,/media/images/zsolt-078.width-800.jpg,"Hallgass, én népem, az én törvényemre"
79,85,/media/images/zsolt-079.width-800.jpg,"Öröködbe, Uram, pogányok jöttek"
80,86,/media/images/zsolt-080.width-800.jpg,"Hallgasd meg, Izráel pásztora"
81,87,/media/images/zsolt-081.width-800.jpg,"Örvendezzetek Az erős Istennek"
82,88,/media/images/zsolt-082.width-800.jpg,"Az Isten áll ő seregében"
83,89,/media/images/zsolt-083.width-800.jpg,"Uram, ne hallgass ily igen"
84,90,/media/images/zsolt-084.width-800.jpg,"Ó, seregeknek Istene"
85,91,/media/images/zsolt-085.width-800.jpg,"Nagy kegyes voltál, Uram, földeddel"
86,93,/media/images/zsolt-086.width-800.jpg,"Hajtsd hozzám, Uram, füledet"
87,94,/media/images/zsolt-087.width-800.jpg,"Az Úr Isten az ő lakóhajlékát"
88,96,/media/images/zsolt-088.width-800.jpg,"Úr Isten, én üdvösségem"
89,98,/media/images/zsolt-089.width-800.jpg,"Az Úrnak irgalmát örökké éneklem"
90,100,/media/images/zsolt-090.width-800.jpg,"Tebenned bíztunk eleitől fogva"
91,144,/media/images/zsolt-091.width-800.jpg,"Aki a felséges Úrnak"
92,146,/media/images/zsolt-092.width-800.jpg,"Ékes dolog dicsérni, Uram, Felségedet"
93,148,/media/images/zsolt-093.width-800.jpg,"Nagy hatalommal regnál az Isten"
94,151,/media/images/zsolt-094.width-800.jpg,"Ó, erős bosszúálló Isten"
95,153,/media/images/zsolt-095.width-800.jpg,"Jertek, örvendjünk mindnyájan"
96,155,/media/images/zsolt-096.width-800.jpg,"Énekeljetek, minden népek"
97,157,/media/images/zsolt-097-var.width-800.jpg,"Az Úr Isten regnál"
98,160,/media/images/zsolt-098.width-800.jpg,"Énekeljetek új éneket"
99,162,/media/images/zsolt-099.width-800.jpg,"Az Úr országol És regnál nagy jól"
100,165,/media/images/zsolt-100.width-800.jpg,"E földön, ti, minden népek"
101,168,/media/images/zsolt-101.width-800.jpg,"Mindennek előtte irgalmasságról"
102,265,/media/images/zsolt-102.width-800.jpg,"Hallgasd meg, Uram, kérésem"
103,266,/media/images/zsolt-103.width-800.jpg,"Áldjad, én lelkem, Urad, Istenedet,"
104,267,/media/images/zsolt-104.width-800.jpg,"Áldjad, lelkem, az Urat, és tiszteld"
105,268,/media/images/zsolt-105.width-800.jpg,"Adjatok hálát az Istennek"
106,269,/media/images/zsolt-106.width-800.jpg,"Az Urat áldjátok, mert jó"
107,270,/media/images/zsolt-107.width-800.jpg,"Dicsérjétek az Urat"
108,271,/media/images/zsolt-108.width-800.jpg,"Úr Isten, kész az én szívem"
109,272,/media/images/zsolt-109.width-800.jpg,"Ó, Úr Isten, én dicsőségem"
110,273,/media/images/zsolt-110.width-800.jpg,"Az Úr Isten monda az én Uramnak"
111,274,/media/images/zsolt-111.width-800.jpg,"Hálát adok, Uram, néked"
112,275,/media/images/zsolt-112.width-800.jpg,"Boldog az ember, ki az Istent"
113,276,/media/images/zsolt-113.width-800.jpg,"Az Urat, ti, ő szolgái"
114,277,/media/images/zsolt-114.width-800.jpg,"Hogy Izráel kijött Egyiptomból"
115,278,/media/images/zsolt-115.width-800.jpg,"Nem nekünk, Uram, nem nekünk engedd"
116,279,/media/images/zsolt-116.width-800.jpg,"Szeretem és áldom az Úr Istent"
117,280,/media/images/zsolt-117.width-800.jpg,"Az Urat minden nemzetek"
118,281,/media/images/zsolt-118.width-800.jpg,"Adjatok hálákat az Úrnak"
119,282,/media/images/zsolt-119.width-800.jpg,"Az oly emberek nyilván boldogok"
120,283,/media/images/zsolt-120.width-800.jpg,"Én az Úr Istenhez kiálték"
121,284,/media/images/zsolt-121.width-800.jpg,"Szemem a hegyekre vetem"
122,285,/media/images/zsolt-122_L6t5AGC.width-800.jpg,"Örvendek az én szívembe’"
123,286,/media/images/zsolt-123.width-800.jpg,"Tehozzád szemeimet, Úr Isten"
124,287,/media/images/zsolt-124.width-800.jpg,"Az Izráel ezt nyilván mondhatja"
125,288,/media/images/zsolt-125.width-800.jpg,"Akik bíznak az Úr Istenben"
126,289,/media/images/zsolt-126.width-800.jpg,"Mikor a Siont az Isten"
127,290,/media/images/zsolt-127.width-800.jpg,"Hogyha ember házat épít"
128,291,/media/images/zsolt-128-var.width-800.jpg,"Boldog az ember nyilván"
129,292,/media/images/zsolt-129.width-800.jpg,"Én ifjúságomtól fogva engem"
130,293,/media/images/zsolt-130.width-800.jpg,"Tehozzád teljes szívből"
131,294,/media/images/zsolt-131.width-800.jpg,"Uram, nem űz nagyra szívem"
132,295,/media/images/zsolt-132.width-800.jpg,"Emlékezzél meg, Úr Isten"
133,296,/media/images/zsolt-133.width-800.jpg,"Ímé, mily jó és mily nagy gyönyörűség"
134,297,/media/images/zsolt-134.width-800.jpg,"Úrnak szolgái mindnyájan"
135,298,/media/images/zsolt-135.width-800.jpg,"Áldjátok az Úr nevét"
136,299,/media/images/zsolt-136.width-800.jpg,"Dicsérjétek az Urat"
137,300,/media/images/zsolt-137.width-800.jpg,"Hogy a babiloni vizeknél ültünk"
138,301,/media/images/zsolt-138.width-800.jpg,"Dicsér téged teljes szívem"
139,302,/media/images/zsolt-139.width-800.jpg,"Uram, te megvizsgálsz engem"
140,303,/media/images/zsolt-140.width-800.jpg,"Szabadíts meg engem, Úr Isten"
141,314,/media/images/zsolt-141.width-800.jpg,"Tehozzád kiáltok, Úr Isten"
142,315,/media/images/zsolt-142.width-800.jpg,"Én az Úrhoz felkiálték"
143,316,/media/images/zsolt-143.width-800.jpg,"Hallgasd meg, Uram, kérésemet"
144,317,/media/images/zsolt-144.width-800.jpg,"Áldott az Úr, ki kezemet tanítja"
145,318,/media/images/zsolt-145.width-800.jpg,"Magasztallak téged, én Istenem"
146,319,/media/images/zsolt-146.width-800.jpg,"Áldjad, én lelkem, az Urat"
147,320,/media/images/zsolt-147.width-800.jpg,"Az Urat dicsérjétek, mert jó"
148,321,/media/images/zsolt-148.width-800.jpg,"No, dicsérjétek mindnyájan"
149,322,/media/images/zsolt-149.width-800.jpg,"Az Úrnak, no, énekeljetek"
150,323,/media/images/zsolt-150.width-800.jpg,"Dicsérjétek az Urat!"
151,73,/media/images/Zsolt_151.width-800.jpg,"Hatalmas Isten, nagy haragodban"
152,79,/media/images/zsolt_152.width-800.jpg,"Istenem, lásd meg a sok hazugságot"
153,81,/media/images/zsolt_153.width-800.jpg,"Tudom, pásztorom és vezérem énnékem az én Uram"
154,83,/media/images/zsolt_154.width-800.jpg,"Ó, én két szemeim, ti az Úrra nézzetek"
155,92,/media/images/zsolt_155.width-800.jpg,"Száma nincsen, Uram, jótéteményidnek"
156,95,/media/images/zsolt_156.width-800.jpg,"Benned bíztam, Uram, Isten"
157,97,/media/images/zsolt_157.width-800.jpg,"Mindenkoron áldom az én Uramat"
158,99,/media/images/zsolt_158.width-800.jpg,"Hagyjad az Úr Istenre te minden utadat"
159,101,/media/images/zsolt_159.width-800.jpg,"Ne zúgolódj, ha látod a hitetlent"
160,102,/media/images/zsolt_160.width-800.jpg,"Fohászkodom hozzád, Uram, Istenem"
161,103,/media/images/zsolt_161.width-800.jpg,"Erős várunk nekünk az Isten"
162,104,/media/images/zsolt_162.width-800.jpg,"Minden népek örülvén, tapsoljanak"
163,105,/media/images/zsolt_163.width-800.jpg,"Ne szállj perbe énvelem"
164,106,/media/images/Zsolt_164_Atya.width-800.jpg,"Atya Úr Isten, könyörülj rajtam te nagy jóvoltodért"
165,107,/media/images/Zsolt_165_irgalmazz_MPd3l7W.width-800.jpg,"Irgalmazz, Úr Isten, immáron énnékem"
166,108,/media/images/Zsolt_166_aldj_RD0OQEP.width-800.jpg,"Áldj meg minket, Úr Isten, a te jóvoltodból"
167,109,/media/images/zsolt_167.width-800.jpg,"Siess, nagy Úr Isten, én segítségemre"
168,110,/media/images/Zsolt_168_ne_hagyj_i5Hqznn.width-800.jpg,"Ne hagyj elesnem, felséges Isten, keserűségemben!"
169,111,/media/images/Zsolt_169_sok_insegunkben_eVZ3Qok.width-800.jpg,"Sok ínségünkben hozzád kiáltunk, felséges Úr Isten"
170,112,/media/images/Zsolt_170_az_dHO1JNR.width-800.jpg,"Az Úr Istent magasztalom"
171,113,/media/images/Zsolt_171_seregeknek_OHkWpoE.width-800.jpg,"Seregeknek Ura, felséges Isten"
172,114,/media/images/Zsolt_172_aki_c7ID7Nr.width-800.jpg,"Aki veti segedelmét"
173,115,/media/images/Zsolt_173_mely_7ZM98Kk.width-800.jpg,"Mely igen jó az Úr Istent dicsérni"
174,116,/media/images/Zsolt_174_jer_ArMgdQq.width-800.jpg,"Jer, örvendezzünk az Úr Istennek"
175,117,/media/images/Zsolt_175_zengjetek_e40BDlN.width-800.jpg,"Zengjetek, minden nemzetek"
176,118,/media/images/Zsolt_176_oruljetek_SxeczqO.width-800.jpg,"Örüljetek az Istennek"
177,119,/media/images/Zsolt_177_dicserd_qRtLf28.width-800.jpg,"Dicsérd, én lelkem, minden erődben"
178,120,/media/images/Zsolt_178_en_bBCQd4Y.width-800.jpg,"Én lelkem, áldva áldjad"
179,121,/media/images/Zsolt_179_keresztyenek_kxtgAF1.width-800.jpg,"Keresztyének, kik e földön lakoztok"
180,122,/media/images/Zsolt_180_o_UbkheRM.width-800.jpg,"Ó, boldog az az ember, ki Isten útján jár"
181,123,/media/images/Zsolt_181_jer_4bONBNq.width-800.jpg,"Jer, emlékezzünk, keresztyén népek"
182,124,/media/images/Zsolt_182_orul_hvtfusy.width-800.jpg,"Örül mi szívünk, mikor ezt halljuk: a templomba mégyünk"
183,125,/media/images/Zsolt_183_akik_5gc2RNf.width-800.jpg,"Akik bíznak az Úr Istenben"
184,126,/media/images/Zsolt_184_mindenek_Idjgmst.width-800.jpg,"Mindenek meghallják és jól megtanulják"
185,127,/media/images/Zsolt_185_minden_cUzgWMK.width-800.jpg,"Minden hű keresztyének, meghalljátok"
186,128,/media/images/Zsolt_186_melysegbol_BbK0iZ9.width-800.jpg,"Mélységből hozzád kiáltunk"
187,129,/media/images/Zsolt_187_vegtelen_P2NAvQb.width-800.jpg,"Végtelen irgalmú Isten, hozzád kiáltok"
188,130,/media/images/Zsolt_188_felseges_stpPiOH.width-800.jpg,"Felséges Isten, hozzád kiáltunk nagy keserűséggel"
189,131,/media/images/Zsolt_189_mely_UY98qfb.width-800.jpg,"Mely igen jó légyen az egyenesség"
190,132,/media/images/Zsolt_190_ti_LQyJr6X.width-800.jpg,"Ti, keresztyének, dicsérjétek Istent"
191,133,/media/images/Zsolt_191_dicserd_EJFBkxN.width-800.jpg,"Dicsérd az Istent, mostan, ó, én lelkem!"
192,134,/media/images/Zsolt_192_draga_TX07Ql3.width-800.jpg,"Drága dolog az Úr Istent dicsérni"
193,135,/media/images/Zsolt_194_mennyei_Gardonyi.width-800.jpg,"Mennyei seregek, boldog, tiszta lelkek"
194,136,/media/images/Zsolt_194_mennyei_E7QvKty.width-800.jpg,"Mennyei seregek, boldog, tiszta lelkek"
195,137,/media/images/Zsolt_195_dicserjetek_CcNCERJ.width-800.jpg,"Dicsérjétek az Istent a mennyégben"
196,138,/media/images/Zsolt_196_dicsoult_dx3wdCn.width-800.jpg,"Dicsőült helyeken, mennyei paradicsomban"
197,139,/media/images/Zsolt_197_dicserjetek_7lfcxSO.width-800.jpg,"Dicsérjétek a menny Urát"
201,140,/media/images/D_201.width-800.jpg,"Urunk, Jézus, fordulj hozzánk"
202,141,/media/images/D_202_kegyes_4d7Fs3t.width-800.jpg,"Kegyes Jézus, itt vagyunk"
203,142,/media/images/D_203_hozzad_xDQIcqU.width-800.jpg,"Hozzád jövök, ó, Mesterem"
204,143,/media/images/D_204.width-800.jpg,"Krisztusom, kívüled nincs kihez járulnom"
205,145,/media/images/D_205_o_FAbq1RK.width-800.jpg,"Ó, Atya Isten, irgalmas nagy Úr"
206,147,/media/images/D_206_egek_LsB7dNG.width-800.jpg,"Egek nagy Királya, magasztalunk téged"
207,149,/media/images/D_207_nagy_89XBuUj.width-800.jpg,"Nagy Isten, néked zeng az ének"
208,150,/media/images/D_208_jojj_DtRVwfb.width-800.jpg,"Jöjj, mondjunk hálaszót"
209,152,/media/images/D_209_Ur_p49BrHY.width-800.jpg,"Úr Jézus, mely igen drága A te igédnek világa"
210,154,/media/images/D_210_o_rcs8NRt.width-800.jpg,"Ó, mely boldog ember az"
211,156,/media/images/D_211_szent_tk5ReD6.width-800.jpg,"Szent Isten, noha néked"
212,158,/media/images/D_212_Ur_xzei4bS.width-800.jpg,"Úr Isten, mi sok szükséget Érezvén körülöttünk"
213,159,/media/images/D_213_o_Z4belL9.width-800.jpg,"Ó, Úr Isten, légy közöttünk"
214,161,/media/images/D_214_nem_deBnTKW.width-800.jpg,"Nem vagyunk mi magunkéi"
221,163,/media/images/D_221_adjunk_3NhJMMp.width-800.jpg,"Adjunk hálát mindnyájan az Atya Úr Istennek"
222,164,/media/images/D_222_nagy_8VsoyJ9.width-800.jpg,"Nagy hálát adjunk az Atya Istennek"
223,166,/media/images/D_223_meghodol_kcCMjzK.width-800.jpg,"Meghódol lelkem tenéked, nagy Felség"
224,167,/media/images/D_224_im_catJ4Sc.width-800.jpg,"Ím, béjöttünk nagy örömben"
225,169,/media/images/D_225_itt_yX0rE6l.width-800.jpg,"Itt van Isten köztünk, jertek őt imádni"
226,170,/media/images/D_226_felseges_rJnjDU2.width-800.jpg,"Felséges Isten, nagy nevedet áldom"
227,171,/media/images/D_227_siess_caaVJMT.width-800.jpg,"Siess, keresztyén, lelki jót hallani"
228,172,/media/images/D_228_jer_wc3qUzV.width-800.jpg,"Jer, Krisztus népe, nagy vígan"
229,173,/media/images/D_229_jaruljunk_ctpTa8p.width-800.jpg,"Járuljunk mi Istennek ő szent Fiához"
230,174,/media/images/D_230_hallgass_lWCyiE4.width-800.jpg,"Hallgass meg minket, nagy Úr Isten"
231,175,/media/images/D_231_konyorogjunk_00j0T92.width-800.jpg,"Könyörögjünk Istennek ő Szentlelkének"
232,176,/media/images/D_232_felseges_wh1tLad.width-800.jpg,"Felséges Isten, mennybéli Teremtőnk"
233,177,/media/images/D_233_eljott_72N43W1.width-800.jpg,"Eljött hozzánk az üdvösség"
234,178,/media/images/D_234_emlekezzel_crsiRXO.width-800.jpg,"Emlékezzél, Úr Isten, híveidről"
235,179,/media/images/D_235_forditsd_iNFm2gv.width-800.jpg,"Fordítsd, Úr Isten, kegyes füleidet"
236,180,/media/images/D_236_meghagytad_APgZuGy.width-800.jpg,"Meghagytad nékünk, Úr Isten"
237,181,/media/images/D_237_teremto_X45UWP7.width-800.jpg,"Teremtő Istenünk, édes Atyánk nékünk!"
238,182,/media/images/D_238_eltevedtem_P1FRhXO.width-800.jpg,"Eltévedtem, mint juh, eltévedtem, mint juh"
239,183,/media/images/D_239_kegyelmes_XR7YIqh.width-800.jpg,"Kegyelmes Isten, kinek kezében életemet adtam"
240,184,/media/images/D_240_magasztalunk_5kEj818.width-800.jpg,"Magasztalunk égi fénynél"
241,185,/media/images/D_241_tokeletes_hRV4n05.width-800.jpg,"Tökéletes volt minden tekintetben"
242,186,/media/images/D_242_o_d8wOZTR.width-800.jpg,"Ó, seregeknek Hatalmas királya"
243,187,/media/images/D_243_o_nvczWyE.width-800.jpg,"Ó, könyörgést meghallgató"
244,188,/media/images/D_244_imadando_xnr9g40.width-800.jpg,"Imádandó Isten, e széles föld néked"
245,189,/media/images/D_245_uram_5Od36cn.width-800.jpg,"Uram, téged tisztellek"
246,190,/media/images/D_246_urunk_4XwHDgh.width-800.jpg,"Urunk, ez a hála napja"
247,191,/media/images/D_247_dicserjuk_bPYAOqR.width-800.jpg,"Dicsérjük Istent! Mind, ki féli itt lent"
248,192,/media/images/D_248_mind_LU4LIx5.width-800.jpg,"Mind adjon hálát Istennek"
249,193,/media/images/D_249_aldjad_xLD9R1x.width-800.jpg,"Áldjad, én lelkem, a dicsőség erős királyát!"
250,194,/media/images/D_250_zengd_BKZlt5D.width-800.jpg,"Zengd Isten nevét, áldd nagy kegyelmét!"
251,195,/media/images/D_251_Ur_NxW8hSz.width-800.jpg,"Úr lesz a Jézus mindenütt"
252,196,/media/images/D_252_halas_O0Wv0Lm.width-800.jpg,"Hálás szívvel áldunk Téged, Istenünk"
261,197,/media/images/D_261_Uram_RrcOpb3.width-800.jpg,"Uram Isten, siess minket megsegíteni"
262,198,/media/images/D_262_ha_8Bntd4e.width-800.jpg,"Ha te meg nem tartasz, Uram Isten"
263,199,/media/images/D_263_Atya_JmHy9k2.width-800.jpg,"Atya, Fiú, Szentlélek, készíts szent igédre"
264,200,/media/images/D_264_Jovel_Ui8ePnY.width-800.jpg,"Jövel, ó, áldott Szentlélek!"
265,201,/media/images/D_265_Istennel_UZcpkdq.width-800.jpg,"Istennel járni, lakozni, szent élettel illatozni"
266,202,/media/images/D_266_szukolkodunk_Noj8ZNT.width-800.jpg,"Szűkölködünk nagy mértékben"
267,203,/media/images/D_267_Urunk_AaxWh73.width-800.jpg,"Urunk, irgalmazz nékünk!"
268,204,/media/images/D_268_Istennek_sgdVt6h.width-800.jpg,"Istennek Báránya, ki bűnünket elveszed"
269,205,/media/images/D_269_kr_artatlan_PWrxR7f.width-800.jpg,"Krisztus, ártatlan Bárány"
281,206,/media/images/D_281_mondjatok_4XBGxzV.width-800.jpg,"Mondjatok dicséretet"
282,207,/media/images/D_282_halat_qcdjYaL.width-800.jpg,"Hálát adunk neked, örök Úr Isten"
283,208,/media/images/D_283_aldott_EkLS5Gh.width-800.jpg,"Áldott az Úr Isten örökké a mennyben"
284,209,/media/images/D_284_adjunk_BfSvNa4.width-800.jpg,"Adjunk hálát az Úrnak, mert érdemli"
285,210,/media/images/D_285_halaadasunkban_Pz0AU16.width-800.jpg,"Hálaadásunkban rólad emlékezünk"
286,211,/media/images/D_286_fenyesseges_Y1z14fO.width-800.jpg,"Fényességes mennybéli nagy Isten"
287,212,/media/images/D_287_adjunk_QVxoPnO.width-800.jpg,"Adjunk hálákat az Atya Istennek"
288,213,/media/images/D_288_aldjuk_kpvX11M.width-800.jpg,"Áldjuk Istent végével"
289,214,/media/images/D_289_o_1DdXbrP.width-800.jpg,"Ó, maradj kegyelmeddel mivelünk, Jézusunk"
290,215,/media/images/D_290_vezess_2jB7wEE.width-800.jpg,"Vezess, Jézusunk"
291,216,/media/images/D_291_290_hu.width-800.jpg,"Hű pásztorunk, vezesd a te árva nyájadat"
292,217,/media/images/D_292_Uram_0pcEa4L.width-800.jpg,"Uram, bocsássad el Szolgádat békével"
293,218,/media/images/D_293_Uram_ubcOMmS.width-800.jpg,"Uram, bocsásd el népedet békével"
294,219,/media/images/D_294_hirdetven_8Zhi5Yz.width-800.jpg,"Hirdetvén az Úr halálát"
295,220,/media/images/D_295_tartsd_JMmOYNU.width-800.jpg,"Tartsd meg e gyülekezetnek"
296,221,/media/images/D_296_atya_nSiO3V0.width-800.jpg,"Atya, Fiú, Szentlélek, teljes Szentháromság"
297,222,/media/images/D_297_tarts_ippBIgH.width-800.jpg,"Tarts meg, Urunk, szent igédben!"
298,223,/media/images/D_298_adj_LK9iGco.width-800.jpg,"Adj békét a mi időnkben"
299,224,/media/images/D_299_az_8TwTeo6.width-800.jpg,"Az Úr Jézus Krisztusnak kegyelme"
300,225,/media/images/D_300_dicsoseg_I6J8eLj.width-800.jpg,"Dicsőség az Atyának, a Fiúnak és Szentlélek Istennek"
301,226,/media/images/D_301_dicsoseg_z1S37sE.width-800.jpg,"Dicsőség légyen Atyának"
302,227,/media/images/D_302_dicsoseg_duWsxRM.width-800.jpg,"Dicsőség légyen Atyának És egyszülött szent Fiának"
311,228,/media/images/D_311_csak_EHOyWzt.width-800.jpg,"Csak egyedül a Szentírás"
312,229,/media/images/D_312_uram_ABJAC8c.width-800.jpg,"Uram, a te igéd nekem"
313,230,/media/images/D_313_megall_DQa6Dgj.width-800.jpg,"Megáll az Istennek igéje"
314,231,/media/images/D_314_emeld_purQE77.width-800.jpg,"Emeld fel szíved, füled nyisd meg"
315,232,/media/images/D_315_boldogok_FH9r2f2.width-800.jpg,"Boldogok, akik lelki szegények"
321,233,/media/images/D_321_hiszek_QrpAqhR.width-800.jpg,"Hiszek a mennybéli egy Istenben"
322,234,/media/images/D_322_hiszek_YXlRTpm.width-800.jpg,"Hiszek egy Istenben, Hatalmas Atyában"
323,235,/media/images/D_323_hiszunk_mwTyboA.width-800.jpg,"Hiszünk egy Istenben, mennyei Atyánkban"
324,236,/media/images/D_324_hiszunk_tVtWoOZ.width-800.jpg,"Hiszünk egy Istenben, mennyei Atyánkban"
325,237,/media/images/D_325_Uram_zOM70kU.width-800.jpg,"Uram, kegyes indulatomban"
326,238,/media/images/D_326_mindenhato_ioyQzkM.width-800.jpg,"Mindenható Úr Isten, mi, bűnös emberek"
327,239,/media/images/D_327_hisszuk_3xKEoO4.width-800.jpg,"Hisszük: az Úr világ ura"
331,240,/media/images/D_331_mi_SiSqFIL.width-800.jpg,"Mi kegyes Atyánk, kit vallunk hitünkben"
332,241,/media/images/D_332_mennybeli_2gOwMtK.width-800.jpg,"Mennybéli felséges Isten"
333,242,/media/images/D_333_mi_cMd0pyb.width-800.jpg,"Mi Atyánk, ó, kegyes Isten"
334,243,/media/images/D_334_imadkozzatok_yC842Sx.width-800.jpg,"„Imádkozzatok és buzgón kérjetek!”"
341,244,/media/images/D_341_A_QXXT9oY.width-800.jpg,"A keresztségben elpecsételtettünk"
342,245,/media/images/D_342_Ur_oWlnu32.width-800.jpg,"Úr Isten, kérünk tégedet: Keresztelj és moss meg minket"
343,246,/media/images/D_343_o_7p7Hqtj.width-800.jpg,"Ó, örök Isten! Ki Atyánk vagy nékünk"
344,247,/media/images/D_344_szenteltessek_Uwal1MZ.width-800.jpg,"Szenteltessék, Uram, a te szent neved"
345,248,/media/images/D_345_jojj_RUGZVhr.width-800.jpg,"Jöjj, térj be, kapum tárva!"
346,249,/media/images/D_346_Ur_h5raY1M.width-800.jpg,"Úr Jézus, üdvösség fejedelme"
347,250,/media/images/D_347_mi_Sk9jE0U.width-800.jpg,"Mi kegyes Atyánk, bölcsességnek Ura"
351,251,/media/images/D_351_lelkem_qZmFcAm.width-800.jpg,"Lelkem siet hozzád menni"
352,252,/media/images/D_352_orulj_eHavxEG.width-800.jpg,"Örülj, szívem, vigadj, lelkem"
353,253,/media/images/D_353_o_b74Yman.width-800.jpg,"Ó, én lelkem, dicsérjed Istenedet"
354,254,/media/images/D_354_keszulj_HH1NreT.width-800.jpg,"Készülj Urad elé, lelkem"
355,255,/media/images/D_355_en_4Jxw9Hi.width-800.jpg,"Én lelkem, ébredj fel"
356,256,/media/images/D_356_o_tq6egwP.width-800.jpg,"Ó, üdvösséges áldozat"
357,257,/media/images/D_357_buzdulj_y1DR5EL.width-800.jpg,"Buzdulj mély hálára, lelkünk"
358,258,/media/images/D_358_az_VeIAoxz.width-800.jpg,"Az Úr énnékem hűséges vezérem"
359,259,/media/images/D_359_o_zvfAG3i.width-800.jpg,"Ó, Istennek választott kedves népe"
360,260,/media/images/D_360_jer_ixgC3T4.width-800.jpg,"Jer, lássuk az Úr keresztjét"
361,261,/media/images/D_361_udvossegunk_t2w9TPg.width-800.jpg,"Üdvösségünk, váltságunk"
362,262,/media/images/D_362_o_qSOsa6b.width-800.jpg,"Ó, Jézus, mi üdvösségünk"
363,263,/media/images/D_363_hallottuk_mAaHmML.width-800.jpg,"Hallottuk, Jézus, miképpen hívogatsz"
364,264,/media/images/D_364_lelkem_Yr5cR4e.width-800.jpg,"Lelkem, adj dolgot magadnak"
371,655,/media/images/D_371_uj.width-800.jpg,"Új világosság jelenék"
372,305,/media/images/D_372_mennyei.width-800.jpg,"Mennyei Ige, jelenél"
373,306,/media/images/D_373_csillagoknak.width-800.jpg,"Csillagoknak teremtője"
374,307,/media/images/D_374_o.width-800.jpg,"Ó, népeknek Megváltója"
375,308,/media/images/D_375_jojj.width-800.jpg,"Jöjj, népek Megváltója"
376,309,/media/images/D_376_377_o.width-800.jpg,"Ó, jöjj, ó, jöjj, Immánuel"
377,310,/media/images/D_377_378_kapuk.width-800.jpg,"Kapuk, emelkedjetek!"
378,311,/media/images/D_378_379_Jezus.width-800.jpg,"Jézus, születtél üdvösségünkre"
379,312,/media/images/D_379_376_o.width-800.jpg,"Ó, jöjj, ó, jöjj, Üdvözítő!"
380,313,/media/images/D_380_szent.width-800.jpg,"Szent Ézsaiás így ír Krisztusnak szent születéséről"
381,656,/media/images/D_381_kulde.width-800.jpg,"Küldé az Úr Isten"
382,657,/media/images/D_382_aldott.width-800.jpg,"Áldott Izráelnek Ura"
383,658,/media/images/D_383_magasztalja.width-800.jpg,"Magasztalja az én lelkem Az Urat mind éltiglen"
384,659,/media/images/D_384_aldott.width-800.jpg,"Áldott az egek Ura"
385,660,/media/images/D_385_szep.width-800.jpg,"Szép Hajnalcsillag, Jézus, ragyogj fel!"
386,661,/media/images/D_386_jojj.width-800.jpg,"Jöjj, áldott nagy Királyunk"
387,662,/media/images/D_387_aldott.width-800.jpg,"Áldott az Isten, mindnyájunknak Atyja"
388,663,/media/images/D_388_jottod.width-800.jpg,"A jöttöd miként várjam"
389,664,/media/images/D_389_390_kitarom.width-800.jpg,"Kitárom előtted szívem"
390,665,/media/images/D_390_389_varj.width-800.jpg,"Várj, ember szíve, készen, mert jő a Hős, az Úr"
391,666,/media/images/D_391_asotetseg.width-800.jpg,"A sötétség szűnni kezd már"
392,667,/media/images/D_392_almelkodassal.width-800.jpg,"Álmélkodással csudáljuk"
393,668,/media/images/D_393_dicseretet.width-800.jpg,"Dicséretet mond nyelve mindennek"
394,669,/media/images/D_394_igaz.width-800.jpg,"Igaz Isten, ígéretedben"
395,670,/media/images/D_395_jer.width-800.jpg,"Jer, áldott vendég, várunk tégedet"
401,324,/media/images/D_401_Krisztus.width-800.jpg,"Krisztus Urunknak áldott születésén"
402,325,/media/images/D_402_teljes.width-800.jpg,"Teljes e széles világban"
403,326,/media/images/D_403_405_jer.width-800.jpg,"Jer, mindnyájan örüljünk"
404,328,/media/images/D_404_406_kezdetben.width-800.jpg,"Kezdetben volt az Ige, A Krisztus ő Felsége"
405,329,/media/images/D_405_404_amennybol.width-800.jpg,"A mennyből jöttem hozzátok"
406,327,/media/images/D_406_403_azIstennek.width-800.jpg,"Az Istennek szent angyala"
407,330,/media/images/karacsonyi-enek-407-1.width-800.jpg,"Hogy eljött az időknek teljessége"
408,331,/media/images/D_408_ez.width-800.jpg,"Ez nap nékünk dicséretes nap"
409,332,/media/images/D_409_jer.width-800.jpg,"Jer, dicsérjük e szent napon a mi Urunkat"
410,336,/media/images/D_410_413_jojj.width-800.jpg,"Jöjj, Isten népe, áldjuk őt"
411,338,/media/images/D_411_417_csillagfenyes.width-800.jpg,"Csillagfényes éjszakán"
412,340,/media/images/D_412_414_itt.width-800.jpg,"Itt állok jászolod felett, ó, Jézusom, szerelmem"
413,342,/media/images/D_413_410_Istennek.width-800.jpg,"Istennek szent Fia"
414,343,/media/images/D_414_416_ojojjetek.width-800.jpg,"Ó, jöjjetek, hívek"
415,344,/media/images/D_415_411_hadd.width-800.jpg,"Hadd zengjen énekszó"
416,345,/media/images/D_416_418_halld.width-800.jpg,"Halld, mint zeng az egész ég"
417,346,/media/images/D_417_412_jojjetek.width-800.jpg,"Jöjjetek Krisztust dicsérni"
418,347,/media/images/D_418_415_szivunk.width-800.jpg,"Szívünk vígsággal ma betelt"
419,349,/media/images/D_419_dicsoseg.width-800.jpg,"Dicsőség mennyben az Istennek"
420,350,/media/images/D_420_dicsoseg.width-800.jpg,"Dicsőség a magas mennyekben"
421,408,/media/images/D_421_orvendjetek.width-800.jpg,"Örvendjetek, keresztyének"
422,409,/media/images/D_422_karacsony.width-800.jpg,"Karácsony ünnepében"
423,410,/media/images/D_423_dicsoseg.width-800.jpg,"Dicsőség az Istennek"
431,411,/media/images/D_431_433_azur.width-800.jpg,"Az Úr nagy kegyességét"
432,412,/media/images/D_432_ismet.width-800.jpg,"Ismét egyik esztendeje"
433,413,/media/images/D_433_431_azesztendo.width-800.jpg,"Az esztendő fordulóján"
434,414,/media/images/D_434_435_megszuletett.width-800.jpg,"Megszületett a mennyei Király"
435,415,/media/images/D_435_434_ujesztendo.width-800.jpg,"Új esztendő virradott"
436,416,/media/images/D_436_438_orok.width-800.jpg,"Örök Isten, kinek esztendők"
437,417,/media/images/D_437_436_Uristen.width-800.jpg,"Úr Isten, ki minket sok áldásiddal töltél be"
438,418,/media/images/D_438_437_aldjuk.width-800.jpg,"Áldjuk a nagy Isten jóságát"
439,419,/media/images/D_439_ez.width-800.jpg,"Ez esztendőt megáldjad"
440,420,/media/images/D_440_ez.width-800.jpg,"Ez esztendőt áldással"
441,421,/media/images/D_441_443_dicserjuk.width-800.jpg,"Dicsérjük Istent e mai napon"
442,422,/media/images/D_442_gonosz.width-800.jpg,"Gonosz, kegyetlen Heródes"
443,423,/media/images/D_443_444_Krisztus.width-800.jpg,"Krisztus, Atya Istennek"
444,424,/media/images/D_444_441_jer.width-800.jpg,"Jer, dicsérjük az Istennek Fiát"
445,425,/media/images/D_445_szep.width-800.jpg,"Szép, tündöklő hajnalcsillag"
446,426,/media/images/D_446_Jezus.width-800.jpg,"Jézus, édes emlékezet"
447,427,/media/images/D_447_Jezus.width-800.jpg,"Jézus Krisztus, egy Mesterünk"
448,428,/media/images/D_448_dicserlek.width-800.jpg,"Dicsérlek téged"
449,429,/media/images/D_449_451_Jezus.width-800.jpg,"Jézus, vigasságom"
450,430,/media/images/D_450_449_zengj.width-800.jpg,"Zengj, nyelvem, ékesen"
451,450,/media/images/D_451_450_o.width-800.jpg,"Ó, dicsőségnek felkent fejedelme"
452,451,/media/images/D_452_ki.width-800.jpg,"Ki utánam jön, szól az Úr"
453,452,/media/images/D_453_Jezusom.width-800.jpg,"Jézusom, ki árva"
454,453,/media/images/D_454_Krisztus.width-800.jpg,"Krisztus, jóságos főpapunk"
455,454,/media/images/D_455_o.width-800.jpg,"Ó, Jézus, mi Üdvözítőnk"
456,455,/media/images/D_456_gyozhetetlen.width-800.jpg,"Győzhetetlen én kőszálom"
461,456,/media/images/D_461_atoredelmes.width-800.jpg,"A töredelmes szívet"
462,457,/media/images/D_462_466_bocsasd.width-800.jpg,"Bocsásd meg, Úr Isten, ifjúságomnak"
463,458,/media/images/D_463_462_omennyeknek.width-800.jpg,"Ó, mennyeknek fényessége"
464,459,/media/images/D_464_omikegyelmes.width-800.jpg,"Ó, mi kegyelmes Krisztusunk"
465,460,/media/images/D_465_468_Ur.width-800.jpg,"Úr Jézus, hozzád kiáltok"
466,461,/media/images/D_466_464_atyam.width-800.jpg,"Atyám, kegyelmezz,"
467,462,/media/images/D_467_465_mennynek.width-800.jpg,"Mennynek és földnek nemes teremtője"
468,463,/media/images/D_468_467_vegtelen.width-800.jpg,"Végtelen irgalmú szentséges Úr Isten"
469,464,/media/images/D_469_vedd.width-800.jpg,"Vedd el, Úr Isten"
470,465,/media/images/D_470_471_hatalmas.width-800.jpg,"Hatalmas Isten"
471,466,/media/images/D_471_470_kegyelmezz.width-800.jpg,"Kegyelmezz meg nékünk"
472,467,/media/images/D_472_474_jojj.width-800.jpg,"Jöjj, szabadíts meg"
473,468,/media/images/D_473_475_tisztitsd.width-800.jpg,"Tisztítsd meg szíved"
474,469,/media/images/D_474_473_oirgalmas.width-800.jpg,"Ó, irgalmas Isten"
475,470,/media/images/D_475_472_en.width-800.jpg,"Én Istenem!"
476,471,/media/images/D_476_oaldando.width-800.jpg,"Ó, áldandó Szentháromság"
477,472,/media/images/D_477_Uram.width-800.jpg,"Uram, bűneink soksága"
481,473,/media/images/D_481_orvendezzen.width-800.jpg,"Örvendezzen már e világ"
482,474,/media/images/D_482_anagy.width-800.jpg,"A nagy király jön"
483,475,/media/images/D_483_485_dicserd.width-800.jpg,"Dicsérd lelkem Istenedet"
484,476,/media/images/D_484_489_kiralyi.width-800.jpg,"Királyi zászló jár elöl"
485,477,/media/images/D_485_486_Jezus.width-800.jpg,"Jézus, világ megváltója"
486,478,/media/images/D_486_483_kiralyi.width-800.jpg,"Királyi zászlók lobognak"
487,479,/media/images/D_487_497_ha.width-800.jpg,"Ha a keresztre néz szemem"
488,480,/media/images/D_488_ember.width-800.jpg,"Ó, ember, sirasd nagy bűnöd"
489,481,/media/images/D_489_498_oIsten.width-800.jpg,"Ó, Isten, ki a törődött"
490,482,/media/images/D_490_493_te.width-800.jpg,"Te, drága Jézus"
491,483,/media/images/D_491_paradicsomnak.width-800.jpg,"Paradicsomnak te szép élő fája"
492,484,/media/images/D_492_490_abarany.width-800.jpg,"A Bárány hordja csendesen"
493,485,/media/images/D_493_494_oKrisztusfo.width-800.jpg,"Ó, Krisztus-fő, te, zúzott"
494,486,/media/images/D_494_495_oKrisztus.width-800.jpg,"Ó, Krisztus, láttam szenvedésed"
495,487,/media/images/D_495_484_oartatlan.width-800.jpg,"Ó, ártatlanság Báránya"
496,488,/media/images/D_496_felnezek.width-800.jpg,"Felnézek rád, csodás kereszt"
497,489,/media/images/D_497_492_Jezus.width-800.jpg,"Jézus, Istennek Báránya"
498,490,/media/images/D_498_487_emlekezzunk.width-800.jpg,"Emlékezzünk menny Fiáról"
501,491,/media/images/D_501_Krisztus.width-800.jpg,"Krisztus feltámadott"
502,620,/media/images/D_502_evilagnak.width-800.jpg,"E világnak fényessége"
503,621,/media/images/D_503_509_Krisztus.width-800.jpg,"Krisztus a sírbolt foglya volt"
504,622,/media/images/D_504_feltamadt.width-800.jpg,"Feltámadt a mi életünk"
505,623,/media/images/D_505_503_emlekezzunk.width-800.jpg,"Emlékezzünk e napon"
506,624,/media/images/D_506_505_Krisztus.width-800.jpg,"Krisztus, ím, feltámada"
507,625,/media/images/D_507_506_Krisztus.width-800.jpg,"Krisztus feltámada igazságunkra"
508,626,/media/images/D_508_515_Jezus.width-800.jpg,"Jézus, én bizodalmam"
509,627,/media/images/D_509_514_Jezus.width-800.jpg,"Jézus Krisztus, Üdvözítőnk"
510,628,/media/images/D_510_511_dicsoseg.width-800.jpg,"Dicsőség néked, Istenünk"
511,629,/media/images/D_511_510_mind.width-800.jpg,"Mind jöjjetek, örvendjetek"
512,630,/media/images/D_512_513_ma.width-800.jpg,"Ma örvendezzetek, hisz nincs okunk a búra"
513,631,/media/images/D_513_512_fevirradt.width-800.jpg,"Felvirradt áldott szép napunk"
514,632,/media/images/D_514_516_gyozelmet.width-800.jpg,"Győzelmet vettél"
515,633,/media/images/D_515_507_Krisztus.width-800.jpg,"Krisztus, virágunk"
516,634,/media/images/D_516_519_orvendezzetek.width-800.jpg,"Örvendezzetek, egek"
517,635,/media/images/D_517_508_Uram.width-800.jpg,"Uram, közel voltam hozzád"
518,636,/media/images/D_518_517_JEzus.width-800.jpg,"Jézus meghalt bűneinkért"
519,637,/media/images/D_519_518_Jezus.width-800.jpg,"Jézus, ki a sírban valál"
520,638,/media/images/D_520_e.width-800.jpg,"E húsvét ünnepében"
521,639,/media/images/D_521_ehsvat.width-800.jpg,"E húsvét ünnepében"
531,640,/media/images/D_531_aKrisztus.width-800.jpg,"A Krisztus mennybe felméne"
532,641,/media/images/D_532_533_O.width-800.jpg,"Ó, győzelmes nagy Királyunk"
533,642,/media/images/D_533_532_Jezus.width-800.jpg,"Jézus Krisztus, mi királyunk"
534,643,/media/images/D_534_535_Ur.width-800.jpg,"Úr Jézus, aki felséggel"
535,644,/media/images/D_535_534_megvaltonk.width-800.jpg,"Megváltónk földről"
536,645,/media/images/D_536_Szent.width-800.jpg,"Szent egek, minden boldogok hajléki"
541,646,/media/images/D_541_Jovel.width-800.jpg,"Jövel, Szentlélek Úr Isten"
542,647,/media/images/D_542_545_Jovel.width-800.jpg,"Jövel, Szentlélek Isten"
543,648,/media/images/D_543_542_Jovel.width-800.jpg,"Jövel, teremtő Szentlélek"
544,649,/media/images/544_jovel_2.width-800.jpg,"Jövel, Szentlélek Úr Isten"
545,650,/media/images/D_545_544_Jovel_ok6IbAE.width-800.jpg,"Jövel, Szentlélek Úr Isten"
546,651,/media/images/D_546_547_adj.width-800.jpg,"Adj, Úr Isten, nékünk Szentlelket"
547,652,/media/images/D_547_550_szentlelek.width-800.jpg,"Szentlélek, öröm Lelke"
548,653,/media/images/D_548_jer.width-800.jpg,"Jer, kérjük Isten áldott Szentlelkét"
549,654,/media/images/D_549_551_szentlelek.width-800.jpg,"Szentlélek, végy körül bennünket"
550,594,/media/images/D_550_546_apunkosdnek.width-800.jpg,"A pünkösdnek jeles napján"
551,595,/media/images/D_551_549_oaldott.width-800.jpg,"Ó, áldott Szentlélek, ki az ég dicsőségével"
552,596,/media/images/D_552_Jezus.width-800.jpg,"Jézus, az ígéretet"
553,597,/media/images/D_553_epunkosd.width-800.jpg,"E pünkösd ünnepében"
554,598,/media/images/D_554_epunkosd.width-800.jpg,"E pünkösd ünnepében"
561,599,/media/images/D_561_kegyelmes.width-800.jpg,"Szent vagy örökké, Atya Úr Isten"
562,600,/media/images/D_562_omi.width-800.jpg,"Ó, mi szent Atyánk, irgalmas és kegyes"
563,601,/media/images/D_563_szentharomsag.width-800.jpg,"Szentháromság egy Istenség"
564,602,/media/images/D_564_566_dicseret.width-800.jpg,"Dicséret a Szentháromságnak"
565,603,/media/images/D_565_564_amenny.width-800.jpg,"A menny Urának tisztelet"
566,604,/media/images/D_566_565_teged.width-800.jpg,"Téged, Úr Isten, mi, keresztyének dicsérünk és áldunk"
567,605,/media/images/D_567_teged.width-800.jpg,"Téged, ó, Isten, dicsérünk"
568,606,/media/images/D_568_aldunk.width-800.jpg,"Áldunk téged, Istenünk"
569,607,/media/images/D_569_im.width-800.jpg,"Ím, készen áll az alkotás!"
570,608,/media/images/D_570_vigak.width-800.jpg,"Vígak e föld lakosai"
581,609,/media/images/D_581_semmit.width-800.jpg,"Semmit ne bánkódjál, Krisztus szent serege"
582,610,/media/images/D_582_Jezus.width-800.jpg,"Jézus Krisztus, mi kegyelmes királyunk"
583,611,/media/images/D_583_584_keserves.width-800.jpg,"Keserves szívvel Magyarországban mondhatjuk magunkról"
584,612,/media/images/D_584_583_emlekezzel.width-800.jpg,"Emlékezzél, mi történék, Uram mirajtunk"
585,613,/media/images/D_585_Uristen.width-800.jpg,"Úr Isten, te tarts meg minket"
586,614,/media/images/D_586_bar.width-800.jpg,"Bár szétszakadva él az Egyház"
587,615,/media/images/D_587_kelj.width-800.jpg,"Kelj fel, kelj fel, fényes nap"
588,616,/media/images/D_588_igazsagnak.width-800.jpg,"Igazságnak napja, jöjj"
589,617,/media/images/D_589_590_ne_ILBS06v.width-800.jpg,"Ne csüggedj el, kicsiny sereg"
590,618,/media/images/D_590_589_azegyhaznak.width-800.jpg,"Az Egyháznak a Jézus a fundámentuma"
591,619,/media/images/D_591_eros.width-800.jpg,"Erős vár a mi Istenünk"
601,354,/media/images/D_601_azUristen.width-800.jpg,"Az Úr Isten az én reménységem"
602,355,/media/images/D_602_603_Krisztus.width-800.jpg,"Krisztus, én életemnek te vagy reménysége"
603,356,/media/images/D_603_602_imhol.width-800.jpg,"Ímhol vagyok, édes Uram, Istenem"
604,357,/media/images/D_604_610_seregeknek.width-800.jpg,"Seregeknek szent Istene"
605,359,/media/images/D_605_614_mar.width-800.jpg,"Már elmégyek az örömbe"
606,360,/media/images/D_606_604_nem.width-800.jpg,"Nem sokáig tart már földi bujdosásom"
607,362,/media/images/D_607_613_megszabadultam.width-800.jpg,"Megszabadultam már én a testi haláltól"
608,381,/media/images/D_608_616_jer.width-800.jpg,"Jer, temessük el a testet"
609,382,/media/images/D_609_618_gyarlo.width-800.jpg,"Gyarló testünk porrá lészen"
610,384,/media/images/D_610_617_menj.width-800.jpg,"Menj el a te nyugalmadba"
611,495,/media/images/D_611_csak.width-800.jpg,"Csak vándorút az életem"
612,496,/media/images/D_612_enIstenem.width-800.jpg,"Én Istenem, benned bízom"
613,497,/media/images/D_613_606_midon.width-800.jpg,"Midőn eljön az én órám"
614,498,/media/images/D_614_607_azelet.width-800.jpg,"Az élet nékem Krisztus, a halál nyereség"
615,499,/media/images/D_615_608_szivem.width-800.jpg,"Szívem szerint kívánom"
616,500,/media/images/D_616_615_minden.width-800.jpg,"Minden ember csak halandó"
617,501,/media/images/D_617_605_ami.width-800.jpg,"A mi szívünk csak tehozzád, Jézus"
618,506,/media/images/D_618_619_azen.width-800.jpg,"Az én időm, mint a szép nyár"
619,508,/media/images/D_619_620_evilag.width-800.jpg,"E világ mióta fennáll, ő mivolta sűrű változás"
620,509,/media/images/D_620_621_bizony.width-800.jpg,"Bizony betelik az idő"
621,510,/media/images/D_621_622_ments.width-800.jpg,"Ments meg engem, Uram, az örök haláltól"
622,512,/media/images/D_622_623_ebredj.width-800.jpg,"Ébredj, alvó, hív a szózat!"
623,516,/media/images/D_625_ime.width-800.jpg,"Íme, lészen a kései korban"
624,517,/media/images/D_624_emeljuk.width-800.jpg,"Emeljük Jézushoz szemünk"
625,518,/media/images/D_625_627_kika.width-800.jpg,"Kik a Krisztusban hunytak el, mind boldogok"
626,519,/media/images/D_626_fenn.width-800.jpg,"Fenn a mennyben az Úr minden győztesnek ád"
627,520,/media/images/D_627_629_amennybe.width-800.jpg,"A mennybe’ fenn, a trónusnál"
628,521,/media/images/D_628_609_aldo.width-800.jpg,"Áldó hatalmak oltalmába rejtve"
629,522,/media/images/D_629_630_mar.width-800.jpg,"Már célba ért sok hívő gyermeked"
630,523,/media/images/D_630_628_zengd.width-800.jpg,"Zengd Jézus nevét, zengd, világ"
641,524,/media/images/D_641_636_himnusz.width-800.jpg,"Magyar himnusz"
642,525,/media/images/D_642_639_hatalmas.width-800.jpg,"Hatalmas Isten! Népek közé szórva"
643,526,/media/images/D_643_638_hatalmas.width-800.jpg,"Hatalmas Isten! Népek közé szórva"
644,527,/media/images/D_644_637_szozat.width-800.jpg,"Szózat"
651,528,/media/images/D_651_642_anap.width-800.jpg,"A nap immár felvirradván"
652,529,/media/images/D_652_643_latod.width-800.jpg,"Látod, Úr Isten, szívünket"
653,532,/media/images/D_653_felseges.width-800.jpg,"Felséges Atya Úr Isten"
654,533,/media/images/D_654_azejszakai.width-800.jpg,"Az éjszakai sötétség"
655,534,/media/images/D_655_646_konyorogjunk.width-800.jpg,"Könyörögjünk az Istennek"
656,535,/media/images/D_656_647_mindenkor.width-800.jpg,"Mindenkor téged, Úr Isten"
657,537,/media/images/D_657_mi.width-800.jpg,"Mi, keresztyének, tenéked"
658,538,/media/images/D_658_641_Jezus.width-800.jpg,"Jézus Krisztus, szép fényes hajnal"
659,540,/media/images/D_659_649_halat.width-800.jpg,"Hálát adok néked, mennybéli Isten"
660,542,/media/images/D_660_651_teneked.width-800.jpg,"Tenéked, Uram, hálát adok"
661,544,/media/images/D_661_650_szivem.width-800.jpg,"Szívem megalázván, tehozzád megyek"
662,546,/media/images/D_662_655_magasztallak.width-800.jpg,"Magasztallak én téged"
663,547,/media/images/D_663_652_dicserlek.width-800.jpg,"Dicsérlek, Uram, téged"
664,549,/media/images/D_664_653_halat.width-800.jpg,"Hálát adunk néked, mennyei Atyánk"
665,550,/media/images/D_665_654_mi.width-800.jpg,"Mi szent Atyánk, ki lakozol mennyégben"
666,551,/media/images/D_666_656_orok.width-800.jpg,"Örök élet reggele"
667,552,/media/images/D_667_657_Szent.width-800.jpg,"Szent vagy, szent vagy, szent vagy, mindenható Isten"
668,554,/media/images/D_668_658_hajnaloran.width-800.jpg,"Hajnalórán lelkem ébred szent szavad ha hallgatom"
671,556,/media/images/D_671_661_immar.width-800.jpg,"Immár, Szentlélek, nagy Isten"
672,558,/media/images/D_672_igaz.width-800.jpg,"Igaz Bíró, nagy Úr Isten"
673,559,/media/images/D_673_minden.width-800.jpg,"Minden élő megtartója"
674,561,/media/images/D_674_664_aldd.width-800.jpg,"Áldd meg mi ételünket Mint ajándékodat"
675,562,/media/images/D_675_655_halat.width-800.jpg,"Hálát adunk, jó Istenünk, Hogy kirendelted ételünk"
676,573,/media/images/D_676_666_ki.width-800.jpg,"Ki asztalt terítesz az égi madárnak"
677,574,/media/images/D_677_667_aldd.width-800.jpg,"Áldd meg, édes Istenünk, Mindennapi kenyerünk"
681,575,/media/images/D_681_671_Krisztus.width-800.jpg,"Krisztus, ki vagy nap és világ"
682,576,/media/images/D_682_672_Felseges.width-800.jpg,"Felséges Isten, mennynek, földnek Ura"
683,577,/media/images/D_683_673_mennynek.width-800.jpg,"Mennynek és földnek nemes Teremtője"
684,578,/media/images/D_684_bolcs.width-800.jpg,"Bölcs teremtője a széles nagy földnek"
685,579,/media/images/D_685_omagas.width-800.jpg,"Ó, magas mennynek szentséges Istene"
686,580,/media/images/D_686_676_onagy.width-800.jpg,"Ó, nagy hatalmú felséges Úr Isten"
687,581,/media/images/D_687_emberi.width-800.jpg,"Emberi nemnek teremtő Istene"
688,582,/media/images/D_688_felseges.width-800.jpg,"Felséges Isten, mennynek, földnek Ura"
689,583,/media/images/D_689__679_halat.width-800.jpg,"Hálát adok néked, mennybéli Isten"
690,584,/media/images/D_690_684_Jezus.width-800.jpg,"Jézus Krisztus, szentek reménye"
691,585,/media/images/D_691_680_afenyes.width-800.jpg,"A fényes nap immár elnyugodott"
692,586,/media/images/D_692_681_adjon.width-800.jpg,"Adjon Isten jó éjszakát"
693,587,/media/images/D_693_682_nyugodni.width-800.jpg,"Nyugodni térünk, tenéked könyörgünk"
694,588,/media/images/D_694_683_maradj.width-800.jpg,"Maradj velünk, mi Krisztusunk"
695,589,/media/images/D_695_685_neked.width-800.jpg,"Néked, mennyei Atyánk, hálát adunk"
696,590,/media/images/D_696_687_adjunk.width-800.jpg,"Adjunk hálát megtartó Istenünknek!"
697,591,/media/images/D_697_688_ne.width-800.jpg,"Ne jöjjön addig szememre álom"
698,592,/media/images/D_698_689_mar.width-800.jpg,"Már nyugosznak a völgyek"
699,593,/media/images/D_699_690_omaradj.width-800.jpg,"Ó, maradj, Uram, vélünk"
700,385,/media/images/D_700_692_olelkem.width-800.jpg,"Ó, lelkem szent napsugara"
701,386,/media/images/D_701_691_folkelt_XuaJFnI.width-800.jpg,"Fölkelt immár a szép hold"
702,387,/media/images/D_702_693_asd.width-800.jpg,"Lásd, Urunk, egy nap újra eltűnt"
703,388,/media/images/D_703_694_mar.width-800.jpg,"Már véget ért a nap, mit adtál"
704,389,/media/images/D_704_695_oterjeszd.width-800.jpg,"Ó, terjeszd ki, Jézusom"
705,390,/media/images/D_705_696_maradj.width-800.jpg,"Maradj velem, mert mindjárt este van"
711,391,/media/images/D_711_701_im.width-800.jpg,"Ím, nagy Isten, most előtted"
712,392,/media/images/D_712_707_Istenem.width-800.jpg,"Istenem, én nagy bűnös ember"
713,393,/media/images/D_713_710_amint.width-800.jpg,"Amint vagyok – sok bűn alatt"
714,394,/media/images/D_714_704_Tehozzad.width-800.jpg,"Tehozzád jövünk már, Istenünk"
715,395,/media/images/D_715_718_lelki.width-800.jpg,"Lelki próbáimban, Jézus, légy velem"
716,396,/media/images/D_716_704_Jezus.width-800.jpg,"Jézus, téged kereslek, békességre vágyva"
717,397,/media/images/D_717_706_ohova.width-800.jpg,"Ó, hova visz az út"
718,398,/media/images/D_718_702_egyeduli.width-800.jpg,"Egyedüli reményem, Ó, Isten, csak te vagy"
719,399,/media/images/D_719_703_oorok.width-800.jpg,"Ó, örök hatalmú mennyei szent Isten"
720,400,/media/images/D_720_708_szolsz.width-800.jpg,"Szólsz hozzám, Istenem"
721,401,/media/images/D_721_711_UrJezus.width-800.jpg,"Úr Jézus, nézz le rám"
722,402,/media/images/D_722_709_oJezus.width-800.jpg,"Ó, Jézus, árva csendben az ajtón kívül állsz"
723,403,/media/images/D_723_713_szelid.width-800.jpg,"Szelíd szemed, Úr Jézus"
724,404,/media/images/D_724_712_Jezus.width-800.jpg,"Jézus, nyájas és szelíd"
725,405,/media/images/D_725_714_uj.width-800.jpg,"Új szívet adj, Uram, énnekem"
726,406,/media/images/D_726_716_jojj.width-800.jpg,"Jöjj, királyom, Jézusom"
727,407,/media/images/D_727_719_lelkem.width-800.jpg,"Lelkem drága Jézusa"
728,431,/media/images/D_728_717_rad.width-800.jpg,"Rád tekint már hitem"
729,432,/media/images/D_729_720_vedelmezz.width-800.jpg,"Védelmezz, Istenem"
730,433,/media/images/D_730_715_szentlelek.width-800.jpg,"Szentlélek, jövel"
731,434,/media/images/D_731_721_jojj.width-800.jpg,"Jöjj hozzánk, Urunk, hozzánk jöjj"
741,435,/media/images/D_741_731_ki.width-800.jpg,"Ki Istenének átad mindent"
742,436,/media/images/D_742_732_legy.width-800.jpg,"Légy csendes szívvel és békével"
743,437,/media/images/D_743_733_mit.width-800.jpg,"Mit Isten akar énvelem"
744,438,/media/images/D_744_734_mmind.width-800.jpg,"Mind jó, amit Isten tészen"
745,439,/media/images/D_745_735_Istenre.width-800.jpg,"Istenre bízom magamat"
746,440,/media/images/D_746_736_eltem.width-800.jpg,"Éltem minden dolgában"
747,441,/media/images/D_747_737_siessetek.width-800.jpg,"Siessetek, hamar lejár"
748,442,/media/images/D_748_739_buneid.width-800.jpg,"Bűneid átkos börtöne alján"
749,443,/media/images/D_749_739_halld.width-800.jpg,"Halld meg, bűnös ember: Jézus szeret"
750,444,/media/images/D_750_742_jojj.width-800.jpg,"Jöjj, az Úr vár reád"
751,445,/media/images/D_751_740_jojj.width-800.jpg,"Jöjj el az élet vizéhez"
752,446,/media/images/D_752_741_jojj.width-800.jpg,"Jöjj, élő víz, te égi íz, csak téged óhajt szívem"
753,447,/media/images/D_753_744_en.width-800.jpg,"Én nem tudom, mért szeretett úgy minket"
754,448,/media/images/D_754_743_egy.width-800.jpg,"Egy szív érettem dobogott"
755,449,/media/images/D_755_745_akeresztfahoz.width-800.jpg,"A keresztfához megyek"
756,492,/media/images/D_756_746_all.width-800.jpg,"Áll a Krisztus szent keresztje"
757,493,/media/images/D_757_747_aki.width-800.jpg,"Aki értem megnyíltál"
758,494,/media/images/D_758_748_azIsten.width-800.jpg,"Az Isten Bárányára"
759,502,/media/images/D_759_749_uj.width-800.jpg,"Új szövetséged elfogadom"
760,503,/media/images/D_760_750_bar.width-800.jpg,"Bár bűn és kín gyötör"
761,504,/media/images/D_761_751_mily.width-800.jpg,"Mily jó, ha bűntől már szabad"
762,505,/media/images/D_762_753_Uram.width-800.jpg,"Uram, tied vagyok én"
763,507,/media/images/D_763_752_hadd.width-800.jpg,"Hadd látlak Téged, ó, szívem Ura"
764,511,/media/images/D_764_754_ha.width-800.jpg,"Ha utam borítja felhőnek árnya"
765,513,/media/images/D_765_755_ez.width-800.jpg,"Ez a világ csak baj halma"
766,514,/media/images/D_766_756_Jezus.width-800.jpg,"Jézus, te vagy nékem őriző pásztorom"
767,515,/media/images/D_767_757_semmi.width-800.jpg,"Semmi felől ne aggódjál"
768,530,/media/images/D_768_757_gondviselo.width-800.jpg,"Gondviselő, jó Atyám vagy"
769,531,/media/images/D_769_759_terj.width-800.jpg,"Térj magadhoz, drága Sion"
770,536,/media/images/D_760_azUr.width-800.jpg,"Az Úr csodásan működik"
771,539,/media/images/D_771_761_velem.width-800.jpg,"Velem vándorol utamon Jézus"
772,541,/media/images/D_772_763_hadd.width-800.jpg,"Hadd menjek, Istenem"
773,543,/media/images/D_773_764_tudom.width-800.jpg,"Tudom, az én Megváltóm él"
774,545,/media/images/D_774_762_csak.width-800.jpg,"Csak vezess, Uram"
775,548,/media/images/D_775_765_Jezus_2.width-800.jpg,"Jézus a mi oltalmunk, erősségünk"
776,553,/media/images/D_776_766_mikor.width-800.jpg,"Mikor látom egeidet"
777,555,/media/images/D_777_767_azUr.width-800.jpg,"Az Úr az én jó pásztorom"
778,557,/media/images/D_778_768_mint.width-800.jpg,"Mint szarvas hűs vízforrásra"
779,560,/media/images/D_779_769_tehozzad.width-800.jpg,"Tehozzád emelem szemeim"
780,563,/media/images/D_780_770_megvizsgaltal.width-800.jpg,"Megvizsgáltál, Uram, engem"
791,564,/media/images/D_791_792_zengjen.width-800.jpg,"Zengjen hálaének"
792,565,/media/images/D_792_781_atya.width-800.jpg,"Atya Úr Isten"
793,566,/media/images/D_793_791_aldott.width-800.jpg,"Áldott légy, mert megváltottál"
794,567,/media/images/D_794_787_Jezus.width-800.jpg,"Jézus, te égi, szép"
795,568,/media/images/D_795_788_szolj.width-800.jpg,"Szólj, boldog hálaének"
796,569,/media/images/D_796_784_mar.width-800.jpg,"Már keresztem vállra vettem"
797,570,/media/images/D_797_783_oAbraham.width-800.jpg,"Ó, Ábrahám Ura"
798,571,/media/images/D_798_786_huseged.width-800.jpg,"Hűséged végtelen"
799,572,/media/images/D_799_785_mindig.width-800.jpg,"Mindig velem, Uram"
800,333,/media/images/D_800_782_mindeddig_Rtw5zmL.width-800.jpg,"Mindeddig vélem volt az Úr"
801,334,/media/images/D_801_789_szivbol.width-800.jpg,"Szívből köszönöm, Uram, az életet"
802,335,/media/images/D_802_794_orvendjetek.width-800.jpg,"Örvendjetek, mert Isten úgy szeret"
803,337,/media/images/D_803_793_azUrnak.width-800.jpg,"Az Úrnak zengjen az ének"
804,339,/media/images/D_804_790_halat.width-800.jpg,"Hálát adok, Uram, az életért"
805,341,/media/images/D_805_795_jo.width-800.jpg,"Jó dolog az Urat áldani"
806,348,/media/images/D_806_796_Urunk.width-800.jpg,"Urunk nagy nevét áldja a világ"
807,351,/media/images/D_807_797_aldd.width-800.jpg,"Áldd, lelkem, Istened"
808,352,/media/images/D_808_798_aldjad_QivrJkB.width-800.jpg,"Áldjad az Urat"
809,353,/media/images/D_809_799_Isten.width-800.jpg,"Isten nevét dicsérem"
810,358,/media/images/D_810_800_aldjatok.width-800.jpg,"Áldjátok Istent szent templomában"
821,361,/media/images/D_821_819_Isten.width-800.jpg,"Isten szívén megpihenve forrjon szívünk egybe hát"
822,363,/media/images/D_822_820_testverek.width-800.jpg,"Testvérek, menjünk bátran"
823,364,/media/images/D_823_818_jezus.width-800.jpg,"Jézus hív, bár zúg, morajlik életünk vad tengere"
824,365,/media/images/D_824_811_szolj.width-800.jpg,"Szólj, szólj hozzám, Uram"
825,366,/media/images/D_825_815_hinni.width-800.jpg,"Hinni taníts, Uram, kérni taníts"
826,367,/media/images/D_826_816_Isten.width-800.jpg,"Isten élő Lelke, jöjj, áldva szállj le rám"
827,368,/media/images/D_827_817_Szentlelek.width-800.jpg,"Szentlélek égi lángja, békesség Lelke vagy"
828,369,/media/images/D_828_812_boldog.width-800.jpg,"Boldog, kinek a béke minden vágya"
829,370,/media/images/D_829_813_kerlek.width-800.jpg,"Kérlek téged, Istenemet"
830,371,/media/images/D_830_814_keresd.width-800.jpg,"Keresd az Istent, népem, keresd új utakon"
831,372,/media/images/D_831_824_fel.width-800.jpg,"Fel, barátim, drága Jézus zászlaja alatt"
832,373,/media/images/D_832_823_oSion.width-800.jpg,"Ó, Sion, ébredj, töltsd be küldetésed"
833,374,/media/images/D_833_821_mennyit.width-800.jpg,"Mennyit zengi a lelki békét"
834,375,/media/images/D_834_822_ebredj.width-800.jpg,"Ébredj, bizonyságtévő Lélek"
841,376,/media/images/D_841_831_igeddel.width-800.jpg,"Igéddel áldj meg bennünket"
842,377,/media/images/D_842_832_neked.width-800.jpg,"Neked zendül, Istenünk, a hála"
843,378,/media/images/D_843_833_sok.width-800.jpg,"Sok számos esztendőket vígan megélhess"
844,379,/media/images/D_844_834_azUr.width-800.jpg,"Az Úr vezessen végig az úton"
845,380,/media/images/D_845_835_tegy.width-800.jpg,"Tégy, Uram, engem áldássá!"
846,383,/media/images/D_846_836_aldjon_partit.width-800.jpg,"Áldjon meg téged, áldjon az Úr"
